PerfilPrioritario,Nome,Negocio,Cargo/Relacionamento,CanalOrigem,TipoContato,Contato,Status,Responsavel,DataConvite,Notas
1,João Silva,,grupo,Facebook,grupo,Facebook,Planejado,,,Participa ativamente de grupos de e-commerce.
2,Maria Oliveira,,direto,LinkedIn,direto,LinkedIn,Planejado,,,Profissional ativa em marketing digital.
3,Carlos Mendes,,direto,LinkedIn,direto,LinkedIn,Planejado,,,Consultor ativo em pequenas empresas.
4,Ana Costa,,direto,Instagram,direto,Instagram,Planejado,,,Proprietária de um café local.
5,Roberto Lima,,grupo,Facebook,grupo,Facebook,Planejado,,,Gestor de uma ONG local.
